Image_ID,Label
nRhHxqLhDlJsiXc,0
gbSntVovxgHQrmO,0
nqOobGmvgEOiPms,0
oIkPTooLcIbZKlF,1
eSKxsTTJDQzkjgD,0
fGOKonqqErFfiuK,1
UZPfNzWrCgFaaNz,1
kvesbcrtTOohiLT,1
cdEZEDZaveknkKa,1
GaSSOeqyIktsAmW,1
HPeQFgWaAXYUudP,0
QCiNkpJJqhUrhJw,1
ZghFqBtZjgFNhEd,1
IypiZpxWuQzqFtX,0
MpjOfMFyHcLtxEe,0
jtyOoBrAZpMYhPd,1
xKSvNuUFXtfsxcL,1
PxzQoNBqWwxhxHU,0
eBIGOMITtVDxgco,1
YGldCVpEhmDhCfB,1
YsIrfIbUTFAVLuA,1
BADSMkRmwapihnH,1
zRjjLRTcHldvsDO,1
uxiNbcCqYnHBdoT,0
MEPpiRYJgJLRYpW,1
YIUlgjNqemMwGtW,1
jBduUjHTqYJvtVv,1
yXCylbJUfTvbPcj,1
OcTWRvWjeDQRbVu,1
UIRJNpxPYfnOkVk,0
liaachxlQBtQtrt,0
FRoaAYgXCZAbqhT,0
XpVRWdOwHqgrAwd,1
jesIJJxSBMDKKkU,1
mQTgbtIqRFbiHKR,1
kYCaCaWHAwiixcL,1
dRjdzOaYOPfIXqT,0
kqiEGxhjuxITUrt,0
MGIEIPuEyTyUKoG,1
KChuIIZYEbXokqa,1
nOXmmOnZRUrsMsN,1
blahbLZUXmUQjfs,0
rgLzgwLcEsqQoFB,1
eIVcQkttSPownJW,1
ZSfWLxjUSwJFMHj,0
oBzJltkaseFBkGv,1
pNtLdgurKfkyZGk,1
DvwHNDZgHvhExzq,0
VVEizBVchRknozY,1
SwtfDkGcdFdwKhn,1
SzRvJnmKavZsRDr,1
ntRzuMHumxJhCbk,0
NVnfyexBrFknKnQ,0
VEkCOPvKkAuXpmm,1
DRCxXJxxcewFNiy,1
hbpVKqpWQHCqWCV,0
MNuHMWYdgfOZhTk,0
RtMQAXGzjCOsAsl,0
VlSBtCMhjvudWvL,0
wspbQyiHSHvjuPq,1
UiyOTzcWAlZwtwb,0
yuCrUdeBQEglGyM,1
IfFFTqrtbBBkAtf,1
VPCrkGLywRqsZQE,0
QDirabKPmUVazFh,0
VAdMyfpEssvJSxJ,1
yJbdMABCMoLmxcI,0
eXSnwvQRpcKcQSq,0
wIHAcpLznCzlNRq,0
YEewfeCAcfLJxVB,1
IOnpgdLVOPLMvja,1
xrnISxmaDgyoNDg,0
DUiDHmwpnawEJac,1
SWthuAWHktIDZzR,1
GlvTePeJYywzFob,1
zdWBMXILWOSUdNR,1
WosNPjFhdvAwrqP,1
KEQVyOjYBjDhwna,0
EIIhzgfBIPhKJJs,1
GimXkKSJQXtPidy,0
EqoddbdEWkfFJWe,1
aBJfiAhyCGdJcdd,0
aWcEuhNurwitUkM,1
gBpcrdEZwAOrGzm,0
UJMiOnCbGTyyFSh,0
oZxooqxYkEhrrvv,0
nIpAESrtAnvZgAF,1
beEztzrByabrcHP,1
UDNtJpAHrVbImZN,0
MuCWFwiyleFamej,1
PpjNUqQmXbJXeZn,1
gqipKOPhkKxPgXA,0
iOPsTjkwXHGqMIG,1
nOvXqhAlMQPCaYM,0
FlwSRiXGcKMpjsp,1
BeAVnZczJKnLHkp,0
rKWiEbiamZUIMFX,0
fwhETKOArupQijQ,0
tufxAMWbhcyoabs,1
aljEXHqGarOTjtT,1
RmDHwLtXbDUTqBP,0
uUWPlqKVkFUXjwR,0
utfRbnfKwLvPajl,1
aYUNBkPUOeVojJr,0
uYefLcooIuBNXkT,0
ADTbLwWfdRwReul,0
vrKVYZBacGhnoBl,0
bbsKBYZEmVAgjsq,0
scPtfWLPIvTuzyc,1
EMgYfHWScUoxKPz,1
yzHXAwOUNQbdvdA,1
iugMYhGLSrZPisK,1
bpKOXzguXWZGKns,0
YwsctieTDJSewUc,1
gnlrOlFiPjuQcIB,1
EgogsvxrMBSaqcl,1
YNSoezaCiKacRUZ,1
hsRdEbTCndPeVtV,0
ujIopmCTHooHzGQ,1
tpPtjwlcaRExHZa,1
YuXHYzHerdifpDF,1
SqXgINaVAtUxCav,1
UQhapaFQrodlyIJ,1
wQRkGSYkJGQrspl,0
oKccAERsKEbLsEe,1
CfgpcmhjifXxJps,1
wPNoRvGfFtVhKis,1
rqVFzruWRDTmQRU,1
HqbWLVaZjRQTNKG,1
ZEhJSAOKxpxWkiz,0
DYAgvMmyaJGRjuX,0
ujaqnROylyQTXZt,0
WLvZfUoGqfDQiQX,1
qQqMlAujzgUqyZz,0
GYyqQtfcMxUbADi,0
BclHkIsxzLxKblb,1
YjpwkpmcysgvgNq,0
dhTtKYfPjaljBSN,1
oOZkCHeYvXJKXtG,0
DIlxxqSnVrivKlJ,1
cuNDKuTFtPrnThZ,0
vyDAqQrfMivZXKr,1
fEVgGAsTvVZCQue,1
yTMTpOTYUIDnhil,1
cmlqluykjXAMJAp,1
GkBygYyVYFQIdWt,1
feaDRAhtqQGEPgT,1
pjvovmocmrdFNvU,1
WoDSAVIKygzUDqR,1
WZMhnlbnmrZwRFd,1
cHPakBvGLbNbRiY,1
YugfWICQvLtpWgh,1
TiIDbcaJeBAqyGs,0
LabqSvlRqAlogeI,0
owgPcGwZuTyxFxt,1
aTfSOcEzjIdGrYk,1
eQldpcrmFBJPOZE,0
fxCTrUcciCiUYVH,1
oCyUlEaOTufuQLz,1
dVMDasIqzWLKWBN,0
BarINKbSAYIvfxl,1
gvEZnTMIqSjBOmu,1
IuseYbfpCMApjma,0
gfjwBmDvqDfftDQ,0
AFDbfuMGEQCzsYb,1
kyCshCvxzRngSPg,0
OBGejzdNgFudtDi,1
XuUHBBBFufLjYhf,1
SpXcKYaFPbsCNZC,1
RmAVNvKBnjvUEGs,0
YuJUhIdmxFaNKsh,1
TBXVnoXuFiMIRsA,1
UXDhLMNUfhNcPHw,0
KYLhPSImvpOERwt,0
clavnlMOlmppeHN,1
NmMhyznAwuJKUyA,0
kCMVRuroKZTxZJU,0
LcyDGaJpJYOlXyo,0
uuvDipOuFRTIVWE,1
vjnbqBqQFwZjCVb,0
bEPhrADQOTUHrDf,1
nefNWdwvQHxYrGV,1
HSfLRQQtSmKCMLD,1
slYrjWaqjnIoMOl,1
VZlJgrKsOZUmJZz,0
ccmQprFjlcLTJKE,1
VKlPlCeXFWFZtMH,1
chrcXxwrTFZhNsh,1
SLmyljqNmQYyxNZ,1
iPpzzVEMtpHceRV,0
WmiAjwRGpMaKaEo,1
aBlHFmxdJwJnAra,0
LXFofMxsIBEwChC,1
NCAuIGsyKIIOAOE,1
dzjTnvxIlykbOBJ,0
VkAWJYhPMtkQxwc,1
eecEpSEWbGbpJQe,1
QGpkMgiSTfqtakb,0
BUaJrIQKEmYDPrE,1
TbtZagzkGXxDtTe,1
GDdVEUWvXuJJeLg,0
YizDlhkOysWMGeq,1
QjKmCxDeRwxRSbJ,0
botkuuxicylplCC,0
lWwzlHtsrxVpHfs,1
WAQGQQBpEmqTbeE,0
VqvLjYUrCcWJNZm,0
RkIEgtUggfusSBy,0
PCqDrGZQITMGABX,0
KBZyFtuFoKsCYeg,0
kTGWMOvJocStNVd,1
ajDqDSAnXaPDSkQ,1
ETUVeihsSWHCmOh,0
oWTozxNLfKbZVjb,0
FspPsAmnCuwMBfi,1
UZOAAQxfQtGjJHr,0
XsddZMXSGWqLDJa,0
pKoyKvtRjEPhwYa,0
CaAhvyLrYiYSXKQ,0
IgEeVswuGwOQaBY,1
yvRLbLVgBUSRCMI,1
wcBqLiLUlyElrTq,1
OrKxtjEstiDAeEF,1
IkKdOtaFnfUVfSv,1
OtQODlLxgyCzVYA,1
lUFuNYujpISlNWZ,0
PKDWoytVkvVlUZf,1
ZfBZKrTIdoJKGDD,1
BvnjPtKMSOvJYTU,1
QfLhhGbitKgRtzU,1
QsmqKyHPRjagqiM,1
htliMIEIBuMVsCF,0
osUYOlMbpqYONGu,1
PhbabQvCotctCAM,1
lCGrudrglRKybsI,1
RrwvBJnFMYSlbsS,1
ftsgxzHIetiLJZD,0
aVZmLCzThAkXkMe,0
tHdnCTsRnWhsbtg,1
rwrRraMTghreATk,1
laTbiNvhAkAaNpN,0
hMoUbKENhVRnTBp,0
MuCxIrWBpOYhOfx,1
MVEyNxsSsisilqR,1
otLnyZCzjqjpQlb,1
XGSlKIVZeeYlVVv,0
gCouCeIEreeBKtk,0
eCkfAawToRoQNRD,1
cuESPSUwcKSIUlN,0
JycMELyiffDQsdE,0
yYXXUUVdtLHsUWN,1
eBajgJyNiyaGcHc,1
kIWEQhqNIVRjemx,1
skivkBvDaWPvqbE,1
ZvcVmYhDtJMbCxj,1
xTMeyTUKfdtGyfg,0
OPxgaqJFvwEBGCR,0
FDXsQKlnFvsMvfe,1
ifllcrVmkUGOAnk,1
ohpMHMWArQGIOPb,1
iACBlsiteiltEuM,0
WtezsGvwEyyRFBA,1
ayRQnNxspjVfVIs,0
HUwZrfAjkuOIZaL,0
FQVQlIkccGzzTVW,0
txAmxVBlkoXVyqE,1
nAJZkrKQLooJXHA,0
qbTVKDrTLWofFcd,0
qejeXvjoIfCkDag,1
KiLbjAfYuoqviDy,0
KYsFZCbtGMqlcez,0
VjCXhMrhSpeHNWo,1
IGrcovwjvFWDyvx,1
maVIYmDMjoMKjhE,1
zWPAUJbuRHhMSQu,1
OmVmwvYtSkBWFxz,1
EDEmUEtmZvKeOCc,1
WnNDFcGQeWqtNPZ,1
MXiFiiGSGgRUvVd,1
JFLveKbkfBJIRer,1
YoCQmSusMrOjvnn,0
tQzolFeKtVifqJE,1
lAZpZrHPkEoWYpx,0
ZlBzSvmJWbwxPSy,1
yAWcRTbERJBGQJH,1
FMgbbmkRhyHAoim,0
HcEWmJVirkNGHAa,1
UfVpFTZALimtKeI,1
geyPYOJanTuByIU,1
PezYmpwHbdgxINh,1
sNAiEJYXWdoDood,0
SBDGThlvTgythko,1
SXnlyTPMfKWxNEm,0
eAfRSrDwkluPQhE,1
iPaMHUBKoaFaHmr,1
fubVriniTsMPHJZ,1
BCfucDZzxUlygkx,1
ioQaxSlotTsLiHw,1
piCuRaelzWNpbkb,1
NWPTBSXrfsRKcFn,0
TuMlIAQdnyWUtVk,0
qrmpxJLtsjULqAB,1
POzhoYCHjMiQnHk,1
fmVrHyWMPLaBqoc,1
TOsLElljZuWHrgy,1
pTAdnVmEjCDSBgP,1
jwtWPoUkTuQHXtF,0
OowPJNoDDKVNeAx,0
tPADLXKAVAIkVeH,0
zPjnsmjNiTRSUSP,1
AkBFKDMIjWxWaQd,1
bBwBOSVLDdOOwee,1
VryDDrGwgJjjGmI,1
UrafZPkWGpEUAyz,1
jloQKVxEMUFTdSu,0
itlWwOmzviSSPjn,0
WUjpOyCRTWGsdyj,0
YosKDqoYNDiPMOI,1
JKyFKEzIbKbakfI,0
VLUeCPRfiKMSiio,1
UBjUEMbozXXvoGw,0
VuHExtflfEgrLSI,1
uFaCOcSmCQkQMyD,1
diPmZGBWONZLxSV,0
UAnSxEwYPJhqGZh,1
FltSVIxFHVIvZXB,1
ZzfPsCiKVhwMTOm,0
hNqrzlNrzReJyfB,0
SehUjbSkEEcNpmV,0
CLDVSHfzrsMFqwP,0
PgPvxqXRqTdYQaO,0
hpFlBoVPwUksSCh,1
fzHqygQGYHxglSA,0
JjzhMDEvAcyfKlq,1
hiwMJLpKRcnHuZV,1
rvdYgDcKokpMcCj,1
NCPQIJQqUyeEHsp,1
gbJoADBqvphQLYR,0
KliNzrsSBnukLeh,0
DIcIcxoBJqkOvxY,1
AifvwJodlxylcAL,1
whdraHvraVQzqSb,0
EJPRuomvLdfbYEo,1
aRcIVFYMTWPVkEY,0
hdPlDlprjeXVbYO,1
gXZvkuwYPXsbImv,0
yXXwrmtCeiEMVpm,1
xZQCnyCCTDQUHif,1
QGevqQhjmDszYzV,1
VkovgfCJBEWnXPE,0
MdMFMLFGEmtOgkd,1
BIislYegotEVsWE,0
cxNjNEobxfWYcuX,1
bbVsjmwkTePQfcy,1
QarMtIWtjGgsZgp,1
znunOqVvdejHzUq,1
uKXAjNiBwnYPPNs,1
IpnREEtIuQOTaMj,1
KEfSFHDxYkayOLl,1
XXUDJXxmcUxmZGr,0
yjipsIzDuZiitex,1
PvHLBMJJsmfeeqA,1
LWGMstiXDxZkrOw,1
JMJXGeEOiZyHoHd,1
CWcCPuRIelvjbUh,1
IswoYrorOdRnCBs,1
wDTGDhWsmdajyPs,1
cUZAGryoCYhhsml,0
hhmBztjQnvvzayt,1
zEGexHQEEjmMkMJ,0
AhIrhloIwylmlUj,1
BzauGCZXffTpRnv,1
lgkUZaBzDgXiDLG,0
OnighztFWZJTJdU,0
ByhCkBQJmHYQzYo,0
jjiIVYhsWwKvhOh,1
QaumosOonGvvlJa,1
mkfezRnEeMSjnAT,1
VtRyjIDMnubTUGw,0
deVWbumZuYpYBGn,0
BdndVBWgOGljbEP,1
ZJmBtEtpsPeJWvM,1
fOVWxgSIBprsCzr,1
tJOXmQSFcXmKboc,1
benPhdOCOVLVxFf,0
IYFrheAGRobafcj,0
QDYyyoWtXfoHVCl,0
ocISqzamxWUYzKW,0
ZTRdGWhAHnINnjV,0
aLlTBPwSrpSeYnY,0
bFCukuIIlseAYhU,1
iWUgZAZamqlrEoO,1
bUMmlyhYeAeKdyV,0
zyNiEIlaSlLgFOi,1
tMSlUkpBTnMlSol,0
NQHBmWhapTOJTuc,1
oOfwfRgfhprvrXy,1
gfZeuHhLJNEYaHN,1
yMCDkqlFKWJrgtD,0
OCiWwERzUnYcGWq,1
TBUoLCcvOOSOVOn,1
UuTSzYEGxdDYLgf,1
ELgchZdcNtijfEt,1
XXKrxHZMjouPsKN,1
eiPlesGWRnZilkr,1
YSCRTssLiACApdd,1
THMFIlIEMLMagMD,1
QTyrldewCawrEEQ,1
UJDBogtzgdLcHsY,1
uUtDdvjZgECjmdF,1
xcOmenyryNwlgja,0
ZotuheUuworsqjF,0
GKjsJvfEotagGke,1
MixgOKnoceZerNs,0
MZxZWJoPDyScXUP,1
vCzWBLkwwnqfApY,1
GgCeVMHrQTFtQLu,1
zciBYLyxzJhzWXl,0
NTjioTenkWqebMr,0
wEhxniWTQajFBwh,0
GeynWobLOcjmCNU,1
FgpMgeyOYnkkWkF,0
XRhDRVTWoBoCfDn,1
niFjdPeSYaWDWlC,0
rYOjlmQpXFiavqY,1
KcTXkTuApiKFRnD,1
FxlusnXZCmjXOGl,0
rROtNgDGAtfmEJe,1
LVHkGMeJItlQpkB,1
JcxwfIqasOHVpkk,0
zIEXxGQgYqjVAja,1
vwarUWkDylPNzGE,1
HiemOoUycsBGiKz,0
mxMmWhsqLNajRqA,0
ZvFbgkPecGrUESu,0
cBTwHAqCmDBEjWR,1
xemdEKGEvsTFfRo,1
nRiPJkgCjnAcYAu,1
bVDyQrCZbRImzDh,1
FUSFotGZipLKCTC,1
SIPSLQxDYyxFWLS,0
wPjuxOcbrrXzNDC,0
yfaoOFuUSnpyFwN,0
iaQpNTIPUjUwpfL,0
boZHLMmoEKQelIs,1
tFIVANDAMSbTjCw,0
doPEGaIhDisEJDF,1
jMXyRtVQGfFpaGs,0
hgxGSRxfUuNWcfx,0
EfTApaCLTQjoNMw,1
wucMZtgXobbspON,0
dearaJIPXPaWWui,1
ykKylyqDXPmWIBm,0
zVmoZQHKHSzgbOj,1
uAcdocigYyFTkcC,0
IftvJaZKyKyKqzj,0
zHOGrOqjxTNmlzb,1
afBAJmgHvCRPmvt,1
zKghykYPdoExzWf,1
AqomlrcksUFlpQV,1
ZGXoLWMcSkgIbyC,1
cjmhGmCZlynaVyh,0
IktSTdfAXGkxyBq,1
WhUjBWNRaDbXgsK,1
GZyXxODPsZhLvzk,1
loEHtEumEjFIZZd,1
yUIZOclAbMzIiPf,1
DLhXXOTGtnrIXFt,1
ATBQkgEcTkRyzFZ,1
wwesaypNqrODdPg,0
ohzvdpKNYLhREMp,1
HlyCYBYPBmMukHI,0
nMhOZlqJmeBcmRB,0
kdOwMMmExNopSQk,0
ShfAvgzGfXHlDkQ,1
xDnIUCEPAeojtXK,0
aaDNqCBveuwaZzV,1
beZakjXBiLUdGOb,1
rvGSvVDQbSuaVfa,0
chjGITeRwAdbiAP,1
weyvLYFvXOBjFoa,1
xvGDbPLGgasChnz,1
vmEdmJUCIZzXpIA,1
SxfTwYjxjKTHjNe,1
KaMLoNdCpURgezr,0
FDIKyJeuyzpLmne,1
SVeWIrlsFffQgRg,1
nAyfyGbZTBVoCKv,1
YrcNulOOGWsOThQ,1
dfuZGDTIWVYlhlN,1
bfOCIjXMXPRqSoL,1
YKpuJgoRlyzZSFz,1
yAkETNABrBUUxKv,0
QHyrxPLNBboEDDI,0
lNtILXuNppZunsg,1
syfePxwAQRviBQW,1
dpBPhTIedZOaeZM,0
etREDepImNEDRQi,0
zyCsvmZjNqySTLB,0
WwZFNLzeLHSIQdX,0
ZHmtUqxoVGWFJxo,0
uRfLhNQTMRXwVlR,1
VPvktanFjvytERv,0
nZudufxSXWeAbtr,0
toNegiIuIVsMFvE,1
GlePeSTxoGYdQdj,1
EaicCgJDNhMSmUx,0
NsXlTgJYHXLeSkQ,1
ZoyrJdJLeAnfMbK,0
sCtveWFQgenRXdd,0
diaMLdqFJTIAeTF,1
eFMYzmtVzhCBMIH,0
OqwLeGaFhJKFcHb,0
mmqRzshOgixVmPM,1
CXqjeZtNfFWKngU,1
ONuIUuImEJlohHP,1
eEaLwkbqHEZrPcT,1
GHMbHFBFNMNOGgn,1
UiUSqJglYHfGhEM,1
letOGtKpvJvVRxz,0
dQNizcOpgtMFHXp,1
YRCmOBxYVqqOeOz,1
UDkmRkTdpDWZDWT,1
IAvcoHjThaPWDVi,0
TieToDUZvscKAXp,1
ELAHTrEDqgsYSrK,0
eXpOHDFfrMsrOBS,1
JWVQUkwWMXGTvse,0
pmdMsqomfZltgdC,0
sVmkvqbdugDAsLz,0
wdXjuZforVcIkDr,1
jlnjNTnuZewwIIO,0
FULBpJNeKcaSKMd,1
dFPmxSyxsuVQvqd,1
kCfLswQztenQiZN,0
iSwDqQUExKTyFUY,1
mFQHasDGEXwANhP,1
npvIjTvuKCiKqBW,0
FmLdCuuOiKMQzUW,0
EDuQuNhrktlcvwO,1
BjJuxBmfSeJGEda,0
cbqVxLpsZecLmRc,0
kCghWaIpwtHZirW,1
UtrjxFpLfbbbyoR,0
bjIKbGkvXxzMLPK,0
LkkesZAIsdBLzBs,0
ciZrDQgnLLjvHtb,0
sSJeMTxtxmUhLEw,1
fzmsfWRlwgCtxwY,1
zmUqNNCgTalmPOI,0
MTQDHsNyCLRkSbD,0
oSnSIqUTKUnKhke,0
yiCoDNhojMLYmiP,1
nyYnbSKGzKBvesh,1
IdwEeIWkIXAJwBB,0
nzkXYainBLWgiSF,1
DTerGehCkDQRpRt,0
fZghQelzCBASgWe,0
VrAwuXURSMwCBXw,1
hRMqpyENjJpaWDQ,1
HWzrrysrqcUxUNh,0
lqhfZbqOvxwwPeH,1
CtnNTOdqELrKObA,1
AHLmTTvBmLXJHes,0
NSGXgaDVCOXfbOo,1
McRvorFQgjXqpdt,0
exWMsmgxgNNUGFA,1
oioJOZDQcsmOITZ,0
gXynXldAIatUjaM,0
FhpDrZNnXiLXhzE,0
xfagUlNJdkoOwFI,1
fCDCaikdZqYojbn,0
rKPubIVDIEtICMs,1
fszxqhesRDQUqdf,1
ycjXgbuIzaQzdjx,1
NmZuvmRNKERaOTv,1
nWlmZWsbTWRdMTh,0
jOdLeCZjYoOoexz,0
jHiNcFGRUgrdAGz,1
ESOTbHZrPXNtCaT,1
wBFOaFCglqVSXJc,1
xyxDBWaUOUDCjCK,1
yBoWgLBSbwKKxtI,1
naVTuEfIdHGkqQP,1
TNquUIZyMpYSVvb,1
zcytgwChWMUWveJ,0
NShzHBNHpiNoNuu,1
lhuESjXTGFMqQNi,0
pJUtTyWhleiciZv,1
NmSjftUinUgEmkv,1
KfqewWgXnxxSdSG,1
qkTottQQYaupWtK,1
LWWhdjVlZMzpuJM,1
NCwhTMswZyiYQfM,1
zdjUipEdYnuKPWN,0
mNlEAtdIZYYeTKR,1
JiREOJiTwthLxWl,1
cKwhJnFsOHmPfWA,0
vBAMswDxchXojyq,0
yapsgRVtqJSkUCK,1
ZSfYariSTXbytrP,1
whBqLEENXiptwta,1
knCtUrbEFRadBXt,1
zpMkXaPrgQmWpCV,0
waUVbhjcTaIqoKO,1
DPCMuHuTowpiyfu,0
ncLggxbqcpOsEmF,0
YhpKkFQCOeGDAhY,0
ZYcSiMYsluMVbeP,0
mgEulssCpFtUFmu,1
pYlEAaPETYkYqON,1
TcddaANleUzlOzE,1
twiiylKLBvrCnig,1
ImmpSMMtAdTNbsN,0
iABWSzOkCzqarOz,1
IjJWQYwcJWrVXEX,0
YuFKnMBfAxkEMlw,1
fWMfxvaxBAliFSY,1
mPEOppRyFnbusTI,1
wkZopvfFVxWWcXt,0
aOVDTakGOdWeQHh,1
JOmRkTYySbrSeOw,1
DdEcAzYqyEseTgF,0
kXKpgGgEdKWyjuK,0
TDjivlyjDmVUgBz,1
wUECwCYMykFbExo,0
yVMiUSNelJgewCc,1
WqXVJOWwuIkKzqN,1
sXivMqusfFvHwno,1
HUtGjexcABGOdny,1
tIvroMGpBFwxWGH,1
zSpfXyzIShCFOih,0
ELtaFNOcpPJxlqA,0
koCVwHXbwjnkLom,1
NlVtdJqGyuEltEm,1
axyfvFJXoSjzMQR,0
FRzZfezbDMvrnZC,1
QoiRkkZnzAljuxp,0
QUqDCyNrIbWagBq,1
KrHVrGENBvZmmQr,1
xbANRxgwIcqkOwa,0
YwwqqYXvDfKTwnT,1
YYpxWMFYGVRlcVU,1
vKxNSqdjDqDEddM,0
fMKniEKyHQiAvPF,1
xjiJGnZCjCLdyrz,0
rCZGFTmFGqvjSHf,1
cCHxEkNmHBSmmcd,0
HjZITDHXsmuolLp,0
LnLSoIXeDklpDtW,1
ubveYcvYHtivibj,1
uIyadTDqxpQKVap,1
UAOixTLGgZPvGRU,1
AtbhrYzSwSsgrAL,0
IPmemyVgKhjuGID,0
uCMwXFkLpXwaeJa,1
xjZmrYyFaGyPlHw,1
mSPIMLRXqIyfGZk,0
GkxoQgOocDTZika,1
WtIjaRtVxEWWfKD,1
ieWjyhSMsywikHe,1
LBUdxqBKVhSDFLF,1
umSzlwKneojTOra,1
mOXKMqMqLNemQDH,0
CmXBzKrsTsOzGCc,1
DRkXHJypfLppljk,0
MHzdscJhoIOVrOy,0
pChFEoedcYTdZeS,1
hqmYMvdqUYRkmLx,0
CIXbusMuYwlkwWP,1
iVIsldkscVCzLMm,0
lGbbDMGhnDBkyAm,1
VQZiFdGSmQWGUXE,0
swonBtTOCbAHdnd,1
hlNpvCcJvKmrgEb,1
PNSqAIyIRUfqHZG,1
WEaPBanBkxVeSgM,0
LeKtQvHdhLDFimG,1
KuTKzgBPObAWWOL,0
maMBJqTBYxDTstM,1
uTetQeHTAgGMgVD,1
dilRKOxedZUfveM,1
OBDInAIVfrrUSDc,0
mpQwVTGFzFoyGlT,1
laNKhKeLvCFajJQ,0
YuSisEWHpImRVjV,0
wHxmVzfjOajALoB,0
sntciJTQbcSAFmH,1
HfZgpPAgcFuPqvq,1
VHMNZksxaQExLjJ,1
ueZuoIJNwdMjsXi,0
avyDSqWidmSjtbK,0
dKuoMnPFcKjqkih,1
gwJVsBYhkCrIpgp,0
pxSMfxcuaRkhluu,1
NUWTgowhvMkhJhg,1
olbeWcJhPtuuVjF,1
dlGKsKWXTXRngEJ,1
ylAcAXLUxRFJEpm,0
kBpVwDlKpzXtLRY,0
VHoIVRwtXLjyNIP,0
KgDOzCGztVbZKdY,1
OyyeHdYxxJIeEui,1
uZgBWeFEmOmYUHW,1
XeryRFomWVHHAal,0
BYOYkQhEmSHaJil,0
VIMLDASNmYKuIsS,1
hDKqeqKsRwzetxc,1
vSbHbHivkIcLiKc,1
KCAVEvPJJnaicVF,0
YTmdGqtxODQpONQ,1
hkjDUdaHHWtgrvv,1
hKVUfAUIDnsbghY,0
lvYUfiEAihuMuUB,1
bshskgDYquUobZs,1
SyDHRfhpAxSiPsx,0
pfLILsGvRaQQxZf,0
FcCocNuusklJSrv,0
nFqATNosSLDhIql,0
nezVVBsalWksYyK,1
htpiRAGxEsgtRIB,1
wGlkjyihawxgQTP,1
NyCEDibsgjqmaPO,1
BzgFxaLyJACcEXl,1
KTRQpvXoMfibcKZ,0
lSPgHpeVhjyFhnp,1
WwITIsjrfeAgLiE,1
ZQusxYHjKSJHfvh,0
jIqcSXSXCaJVyGf,0
uVMlZAmXpKUtOmp,1
YbmhnLvKTLssahm,1
xmpZgQjnRDwBHcw,1
pjOzBwldjHlgeNG,1
fOnNrbMNeNBUfSc,1
PXxHMxjYOUmQNAw,0
ziOHDxduxHkvUMS,1
kKKfsiytXwJODss,0
wxQrCGbnGESluEf,0
jknnbQnZvhuEnRa,1
shLzOhsaHJQSuCT,0
NnABQWSASPAExiC,0
hRwiyyesLMnzlFV,1
AjhQRXWAnmLIPOa,0
XXorTOGPfHmMcCA,0
GJKXRuKbCChxsEN,0
ysbRrHCBVNsMsFI,1
NlHfALPmErhfxTj,1
hBzhknhbMQGIBSv,1
SGeqhhkQNIFehNF,1
UXwXICbKdfKYlWq,0
rcRiTQHMYwIglDD,0
ybNoKvqXSIjFXPW,0
vVWQgOLjRELYfTo,0
cDoIhgrxwPKhBGW,0
HwgMGLbSLhoScuy,0
cOjeEIofLGhFanQ,1
FJqHTJOPvWbZTCV,0
FELJrTzAroWEQpk,0
MIFCVOWMXCcnoEP,0
JPkjSYGqjgvWrZg,0
lpJbiINcHklLUtF,0
nLuIQXJZMkMYXTh,1
YFdlTUZSqUVLMVJ,1
UOGdCjRwpWEbyLZ,0
OqJIAZSkKsZOdyF,0
zgUVlaDLYmZUkuJ,0
YqmTefycnqWxibs,1
vONkqvCWdLXgFWt,0
OfoUcevUKpxxRIZ,1
niLJonbjZdzuvIs,1
hoGpyrjpZlXrsyY,1
FaANCoklQpoHoAY,0
HtJyUppaDllRXaj,0
HewZKlxhTWULkCA,1
SYEqTEcFVINoswo,1
GtiaRHtSRcOUFMu,0
HZRAfiEUBkPFmBG,1
MKZPitVBZYbEJSd,1
JRZBbVzkwtiuLgN,1
OMowkULWWusrgek,0
nkSZoKPAZGSZNBU,1
TyywFnjtgyqrTSG,1
MtChryszLALjdZb,1
WUAxeotXmcZCZgd,1
IpwUULFrgHVPNzQ,1
VeavVekJTCuwwPt,1
xyFmpQuvUeReOaE,1
NkLgSYRbZnBHHZm,1
mKLGhlBeHKLwlPa,1
fnaeCqgIPStcrFw,1
bxOSaculClvzebO,1
KFFEzzwDvfqCNil,0
jbLUNxnjpVANuoZ,1
UEHOESAWsgTzkBM,0
DJmrlACviDlUVSB,0
xqpvLtOwmlUOsIX,1
ceWSsGjqohFkrzC,1
cNJGWSgyUyshtwM,1
VbamqjBZjTpncmc,0
quhqeaXIApyUSPu,1
dCOMMfUfNEgVOxU,0
vcJFmZBxmVLtEDS,1
BcHdrToAjhACjrM,1
xxtxBqrOTXhNvKr,0
pCqwertNfnHKZAy,0
ziiFReWEkVxOeGT,1
rmZzlCPvORASPPQ,0
WnSmIoJPmmqXQOG,1
fYcWYiKBpRXltxT,0
PcBdFDEOKgMcBZk,1
pyGWjiMIoLTkUXH,1
TPyeuYczGORcIJa,1
doPFeyTyhgYfcrh,1
oSauWedsWFyBnLw,1
hPMilCDNkPiImoB,1
uckdxoEqamPGhhu,0
WzxmkBbowiTcpyc,0
hjyuMJPQdVJghjR,1
HTwdpIcMsztZxCJ,1
IsYxDXPJJpiEBUI,1
mIbMqEOAmrFcPzT,0
xEpWfXWFfxwnQOM,1
uemjpDfveETPoMI,1
cHIxIQeXWWjfVLl,1
sNAKFUouAAVweMP,0
fdKneYYCMkeqxMd,1
AmPPJUJMrtnQHTr,0
kPQbOSvkzSPmPcp,0
lYvRvphnEOMWkQh,0
hXxaPFXZFzNpRdH,0
ejyRHZafavLxHjA,0
QCzrXvLdlEnCvWP,1
zZPuVQmxHjhwota,1
gJeZrBEgxIMgQJH,1
HCdhHCYSzmUyaHZ,0
vltkrDmRMLyFacP,1
apcDmDOyRyNddwB,0
ltCSTMxkDKqQMvD,1
FZaivksvUgLWKsh,0
kTxlwszzrsgLEUT,1
zVxjEFEyWKcfHvS,1
NOEsFSFyVewQODn,0
iIUuESznkeYtLtI,0
yTnuIolrunBrejV,1
nhAZHwEudWNYWPM,0
TcdUHKxwjbecwsp,0
wEDRBHaGUglGxGh,1
lLoHlyAtiGvbhrg,1
ANrpLaQUkkUnamw,1
eZzOAlpBiPeheUv,1
tERyRdPhRHPpuTG,0
KpAhJmWiPEEcXpI,1
zYvgxHPQushmSqh,1
HzlHyQpwkXhQnel,1
CaBLeSLdKffylIa,1
KmmoFpXZekTQOvA,1
vxKMhDiYNAhqskt,1
tIwAIFZhNSxCDyn,1
iTMBABwFFSMqWno,1
bcKwUpJqfXHHjhC,1
BRFHOfIocryYOfK,0
jSAMBJGskiVuqUC,1
nDtqpQrWnSHOhmk,1
IlXbUJfrBfxmWjv,0
wEFBfYktPkDKzIP,0
yWqpHFEIOgJYTTd,1
yNJHuDXXIjNtTTX,0
BPdHdTiWuJOvsqf,1
NoyLZFmjYBsOTWQ,1
olJwYTsNHGjWJBO,1
CmiPgcUSATihVoi,1
NsnxccLeSVbORhl,0
OAvcuJlgVtEWGUO,1
EEqfXYxntAQFLju,0
qOFlUrYAMGLGsPl,1
LGxcUcCJpnDxUpI,0
RZZurfAnFstQKAZ,0
RTwIONtRDiKTtrF,0
psbUSrWIGrJbOQl,0
oCMPXacOISOUseK,1
KdaVumMipiWDpxX,0
pAKhLBGbzkCmNAn,0
BwSgUpBwZlNQefT,0
vXIieQpvMNdXwXx,0
YRUMOGeqaLnKcZq,1
AzLmvClmQZHgEeC,1
RLSHwgWXIiNjBLK,1
wXewHZrKKAOCpoB,0
XDiPcqEitMyIOSy,1
mqDllDENcxnCFSG,1
yFdUgpDJNFOpxnk,1
CoMGZCEgAToyWon,1
NmyqfuqAsqlnHPb,0
TkappvhFnwzfzfE,0
yCEYyLXavNELTXQ,1
kLlRzHXLGrUrXWf,1
QFTpAgqGTaUQlXE,1
xjDziXOgvQboZKb,0
XddrKEHTRYnZKIj,1
uREPOhMwrmvOaxL,1
aQizMfLFdpBmuww,1
wnzCJQCGQSwtiiK,1
hITGJNYDUHnmsLP,0
RXtWjoCIVPzFkUN,1
eotLvZJskgzAIbE,1
XVUXyUaMeRKWwZf,0
dbhjBvsSvvZZeYu,1
vtjYpGtEPyJkAPo,0
ipBQoUfbDeGmPkM,0
ceUZytKbjndyrIt,1
XyKjJvDDIxCorUm,1
FpYXHLipkeYmtEa,0
eimgMuTOTEUwLXX,1
DIhIjgHGGEfvwqY,1
UMXSkXOqCwovJWO,1
aQBYpdZLSrlIrsO,1
uMkrETiAhopooLO,1
YrOgCSbJRkNUsIh,0
bMhbaQeClaqLpow,0
NHfWtACEkluVTBM,0
lykcguWrpddMAwC,0
vXQQlRoIDanQCfb,1
ttnYtyYZfQoxKWL,0
mYVJxbbLcIJQvUz,1
EiCWQYKZLydbWpn,1
VFvCNuofZbAlAdo,0
oSJJswTTNhIvCJh,1
omrvuLjvuuGDieu,1
ntKvtXmeGkSlYDM,0
rKDCGuplxlRDjFw,1
YRBjuSvIRKyStvj,0
DnjyANxpfDFKqKf,0
pVipxPOmsdsQkIR,0
DWopGqDYusvsUds,0
orKpIIYJzPVsHUR,0
bSbOszWVHulIPdw,1
eNgcALYpHvkuEwC,0
bxhtVaxVdjmuGws,1
XRnwLWUwQmcLAva,0
SJdUVBMuZYjlJDM,1
mZCqixGMGJjaIWe,0
HEEYdQflWToZVuW,1
iwGwxzRdMLgVVGd,0
OKlYKjrElizYybS,0
kcLkaZBalGZeSqJ,1
HNKzVVuFWDQCwmd,0
qGYLzwzrlZKvXDH,1
BpoTetmDemOQyNn,1
cliRypWwQGkxLCZ,0
solBcEgxCnTVuQQ,1
VeOyNRnsPXfuGeG,1
UzlPJcmleSlbhhI,1
pPENnuQzcGExBic,0
eBhHWsPrMudXOTg,0
CCAOgPCWfSaDSmI,0
AYPHqOQoEfcGMHO,0
eMvxSUQeXxCTZci,1
ZKvplGJjIogHCCn,0
mtblItqiyqMKuxC,0
IHstFsLpRyGpXkt,0
oWhwOLMNdUuakwj,1
hRrDtdmaJviYNDi,1
EownDvSsDiBPZlN,0
PQBDnAmFZvCPxHV,0
zjjFTCMwIbJKQEY,0
CovPdSkvGtPukiI,1
jxbeglAEuAhnahC,0
YWFiRLXHzjHGNXG,1
hQlfltLwHxqxhzi,1
FKaALtaujlEXOpq,1
tkPXjPoxEPeWawC,1
fWUmbdgksufiagD,0
VtxXAXfgNYCZGTH,1
hEdnrQVAsmkYSDE,1
vPtsIQIaNLLZACD,0
qPLRIceQWfTaVuS,1
CQvxToZmGbVlSUO,1
aKTGxYXtezgdqNG,1
CGZhKPkGQtOEAcd,1
hpZNAMQNCGZkMOp,1
vxFlruwXZapzZDb,0
uSBMXYHczBhqGQQ,0
VKkzLferJsYpQsF,1
kjWuBtEpVCpvmKT,0
AEjDuKGztTuzjDC,1
woaChFWPqjCoHyu,1
NJqQseEAKqAtFaG,1
wDGVgOVJfpjYHqW,0
llcDtKhgjEUKXqX,1
WGtjRXbFGZzoMrf,0
KfpoQtvNyZZNJiw,1
rAHphNVaOJtxtAI,1
ZSxYzWxfozHpEUQ,1
EsunfLbeSFIomnJ,0
lWBZKOaemMvIUbZ,0
eRboPkOfrDQAMuK,1
bcirjgHgQGUIRGI,1
vxKTAwAdcbjcVPZ,1
sUpHugpBddcLaaJ,1
CWggZiyNlXKJvmv,0
onEDgyOAxNCjWqJ,1
cPfFBkaCAJDQBle,1
iYEMFNyXOcXHLsS,1
MnHdSHrtycProGC,0
PlTGkYjrkqJyrUZ,1
XQDoSyCvgXACfGb,1
llDjfKGcTCCxzgu,0
IZaxroDiDmROZMb,1
PnTbSWBoBtzVkhz,1
JJdukrIyJXleoTy,1
bTdPEFEKlmpsulj,1
PapiJJiTmeCudCz,1
qcuzrXQykatjcJB,1
EpZjlqvdnsIBamx,1
yYQqfEoHTTJOSDj,1
ZaVFYcHLFRcwoDW,0
gSvqDdKwHAivQGo,1
DOjgrixuEEcsBLo,0
uxrKMVQcTvWLDeM,1
uernZFdnLFqejXK,1
jxNTINLMBmdkIlk,1
SIXueGSyIghMYpf,1
aUDZntjfrGGYrnP,1
kXEuzhKnqPdggVL,0
tFJEFKoPbntjOqH,0
jGnkgGabaqkKFcb,1
UyTOsnKgKuRmQfU,0
vEbyXXLSvPZTXSf,0
HyhelOpaBWhdELG,0
SnrdJGNQZKmImET,0
FYJSTxPifJPzGRy,0
yBNxXUsnnMJwyai,1
LPRGCUuIqvfrDxj,1
EqDfNYYQWveWlTY,1
PTZjJpCzUwqxrFf,0
oyWEhfDWcChBaGp,1
BFKQRfwGDGCWCQQ,1
EanlqqiwWmdozoL,1
wGVkjnNMwQZgpXM,1
YMfMQvbEwZNRnlg,0
MQLpYwRBVbBSnJL,1
atdAsPFCkobnucJ,1
LEfRKGwMJcQlemY,1
hXmsPPcJKOyEjPU,1
MYkdMpYmrxSwExm,1
itULhrcbYhztDwb,1
QegtFLOytGObyxj,1
xMNBsOSYskFALnj,0
aTWqcdMkhZPWCVm,1
aMwrINsVkBClBMq,0
kYeAxdrEJlkkfrB,1
TBCTQqhCBILNEDf,1
GwepacrlFzsVtal,1
EWPOyRaYlZZbnGe,1
rcdNFSlBxmrGqPS,0
DdxMRqCCTAZHrsl,1
hTpHewmLbGluQCf,0
mLblXRloqtrjpoa,0
uKKHHBHDWlCQnbp,1
RyhSApaoIUtYTPD,0
aWbTkqcRfpZmGuY,1
GBWquooVlcWrRKy,1
ejospobEoWQlFqr,1
nJgypdfcMJQaBbU,0
uNsOfOVmHXBkigh,1
TGwnRtDEmZlFTuh,1
AfGOXwQjkSrMthJ,1
rCRdDvghevoaVwo,0
txaFpFDAgZaZYKX,0
IDxmPaspPQFIMGu,1
loyyeNnFjvgvPQE,0
VdmWGYmERuEtQHc,1
ystAlOjOvXExPgw,1
ccnFhFmhmIerVVy,1
eBloppFKwnfYpaU,1
jwqpRlUxKUexXiY,0
wrsNGPUsvigyisg,1
juqZvsHdOyHIurn,0
SdLGqYKstDsIXoB,0
hEsFgHEnzpfpoYZ,1
bEilspVZEPumxQe,1
QOEhZDRebwIiymw,1
PYxamtfcEVIiMNS,1
FzTnSTAUXTsQBXK,1
MTCigwvzesWeXdO,1
PwMCplFvBpQUWzF,1
yeGJRiQAFGDVltb,1
pVNKKropiKvsLZB,0
zjocbEcOmaQpWxv,0
uFLcYrUpJCLdmSj,1
ONItdTMsBTxZQVU,0
pYNcKUUqALfyIIM,1
NADDizmjuZPuAuK,1
YWUYaVVGkiGZyHo,1
CDETMMECNENNQxS,0
OQsIBfQAFisCzkG,1
hDiabXyzUnmOsWe,1
sieCUKUekZaGvSB,0
UflkBHnkBQVBwuE,0
JTctfegkSwQrXZq,0
BFCmdQfEIlgVmYa,0
FkBFINYGQEUGLfY,0
iXlbnKWCWPvFmuk,1
uJRLOCgVFcItuaN,1
PqIdKwKWYywiGwR,0
anVkpoJxTNcECHh,0
gMMpUIKbDcsUbBy,0
IoCAZzkMAvfMnOX,1
ysdaeZGzNXwhNwv,0
dwgzwPDgyMgOSaP,1
BXBWswSOgyQKpAy,0
mNARKXBGOCelsZm,1
zXdmhRkvWfFTgpQ,0
aTmGxFJewqzzrKM,0
WDDcQJOSWJenELb,1
NaSqStVmikIVqxV,1
hmVZHHIRDXffyaF,1
wgFrbFjXAQQYQTT,0
CjqkrmkXACbKrpO,0
vVUCUUbvCfOHqhm,1
ysKsCwCEGIagOtv,1
UwbhxejrmdGcZYH,1
pzRWrUijUAXerxU,0
tuZpAetGutAKveg,1
uqcnGuYkQfPEQNF,0
WsXCrTrHHVfLBeL,1
dZAhMjfsvaIgguj,1
yLHWExFJEbqJcrG,1
QatmECyyMnLGqpM,1
ZzKKCgTIoJvIBMp,1
AHzpXzVCWPatZYp,0
WulTUvApjKpcKTf,1
zCTOTwuLWhXpwGT,1
aAMpCjjKOWfgFpM,0
VsigAFdlvsSnIxG,1
VNiQdSSqKPPVWta,0
NMSlmHVeuVMiybg,0
lIwEZTeBgTHukxk,1
kqjiXhWxlifFHTN,1
hMiihEqUoMxIhMC,0
ncbLRrbhbZzArFy,0
nVNDDYKoKPhYAPt,0
WGBsMkHaTvDUyUE,1
WcSVoddCAOFRHCk,0
ToKdIxZIQaQQQex,1
DtWnBpdptpQSSmw,0
JhgEdanHYrOvYsA,1
KtnLBiZztZCEBMQ,0
kVWXBvKwCmdrjwc,0
NtuaCVQPrCUfqTh,0
MTmvYCGCQgwFGQe,1
hHIFNcReIgJjpNL,1
poBSXLJGAgixvsb,0
AMuqSBNwiVDbyRz,0
rPGhqpLHtlWYFGw,1
MVDEYaeSvvGjBnz,1
FzBGBbKJkakEPVb,0
SzcsPeQRomvAqCb,1
WqvrPJszlNciGCx,1
eAJeocwQsVwzPlz,1
kaZdkgBquLtKbDQ,1
DdmzwxvndkEzFlT,0
fbSPtPznwlCisCH,0
gUGThTmVeyVwwtR,1
LrDxNHoEAcglygZ,1
ZcJRqypFjJJUlKn,1
yUZFJCItygWuDpP,0
PNnudMclYWMQRyB,1
dBqZioiWPLXoHUp,0
pistvLdzAdxogpo,0
wCwpgUfMoRYDPCP,1
rymVpwZputrSYcB,1
JMUPtbjDpEJymaL,0
HlCdcnVAxAzOMmA,0
XdJOPkvbSzKAmxW,1
khOxerPFSoEqVwZ,0
DHRjJRRdvtWasEE,0
yXVkTlyaqlkyHEk,1
eiQsBzmmtfYrUCr,1
IjnKcwRGPXzsOAX,1
kyQEXfeocThlgwd,0
WxSFVnseUqoFbbC,1
bMrTuzVmSRyOYay,0
GYztdDaJwlFoDKE,1
ShxgJRuzQDSIyeU,1
girWPDBOkSmoAyI,1
ddVFkdDYugEgdud,1
LerhJIgGlKzmHsn,1
WgadJpEgTsAhHdF,1
YeMkwhBlddQOfcK,1
mioGwsORkeivvNh,1
kinJnbxignOVotf,1
ycccYXOFDtWbCTd,1
AOOoOOllDeSUzNu,0
QMVJMmIfYBiyvNN,1
TVatERTxJjYbiYC,0
kmidHlNqzMKQyxN,1
xwnaeNrxgsxrdad,0
WQFaeJgcOjzpORQ,1
iQODyxvJRVeYHXU,1
RmgUFuuswwaaQrt,0
kEvNhAOQYMEzMZb,1
NnmdcLFMyzqzXqf,1
mIRnOUCUNiWMjcK,1
QtwWmsDFODtbkdr,0
fEEVjWljoAtuWUd,1
lMRhcUZSKsBDirx,1
ppRsarTiaWMGFjw,1
IXTkDOkaUvpkxKI,1
meWFpSIoyUdGhdD,1
ogaORYlHbbVLyWC,1
fdrtvyJfkNZJhZp,1
dKVqaVQgbweezMw,0
PaAwbEKafoDypZu,1
CFlDkftAoPqPgEm,0
BWnqGEcPXQfWwXr,0
HMCPRtvlomUSAYD,0
caQLGyByRmNIDjc,0
lTOgbUZCEEUmYKx,0
SrcSuBoFpSHcOEC,1
JXuEiawTjuQJxlF,1
QnfGrBwVvXjBaLX,1
GuNiEAzbJQAHLlM,1
kaZynGBcedTGmDq,1
rvDkVkFOtzTtmyz,0
fwOoIVuBXqmUtjI,0
rFbcmCpauYEeCqV,0
PaoDbkijEKReDrR,0
jUCaMOmQNzKlNNX,1
ATdkQEogDDHtTBQ,1
XGOTjrGMfBuRsbe,1
iduJzKSQGaAcfuC,1
zxAmKPpSaQptTAz,1
scVwpEwBUtMcRbh,1
fRgGgqPZdWMhQjw,1
VwfBGntUtBqpBnx,1
TPrgaabklqQXrgz,0
tspDowpBhCkWzTB,1
vPFrqvjMgNRuOTM,1
aYKcHQtqehNYLTc,0
hdYpZuGAHwAEEBC,1
FfaFUAtjYEkElzi,0
gasPaoaMpFzMxJP,1
BHbIBBlDRMSYnIh,1
qjYmqyanLVHGcpz,1
yQiyKpSkZgjQnes,0
FsvvfkHOzGdxfEK,1
iOVwIZSiXJSeDKS,1
qwuRzXAPBpCUFua,0
KUjnPYHaTsnHddS,0
oterairFUvfrxwk,1
DkyEUkAMiLEdKud,1
PiOZrFFsyenLgOg,1
rQwsNWkywNkeBWx,0
INXRhjKteKPtexn,1
ycVfZvnGJsjgLBt,0
ElpmPWArKCkRuie,1
pNhWgnZOJRhKmAU,0
KGZCxydGvAQfFhg,1
UABGRKpmIbuToIH,1
YzpaAdrVUabLgEv,0
xZLKyIpwFgdDCYq,0
QhpyZQORpdIMFit,0
nrijFiNFQuSJcbl,1
vbFKfjQXtNlXfzC,1
AeCDmzVdSepRtom,1
XWAINjzAJpswHNU,1
bLtoxrJlKZwKTMT,1
xYiSUxfEWFwzEcP,0
hbHWsirvDJSUTrK,0
rPuKnrkFBFHlAaL,1
jXCOpnkxhVpWVnm,1
IIlufMbikcEmKmI,0
quNbAVdhWBVmxMj,0
JqIkSzdSZlnXxav,1
MuUDtwNpehLMqXP,1
QxAoyoioyLqKoqT,0
rNzFpdzGHnfjiUK,1
lkotrNhYLRWjnju,0
RDNXvZrkzdICiNn,1
IZvnNZbihAeiDln,0
RJLKvXkXJxstzqB,0
AAuvmHUUMYlHLBj,0
YrdasLJubIViQir,0
WlPudRvpHSSVDXj,1
mfwbpQIfQAfYbpX,1
hFlbXMelfQrRurj,0
JSYTzgabGbjDXIx,1
RkWYMgxBgpanOIy,0
ApBfhyqpUtNsYsf,1
SHbWJroDVeUYHqB,1
HEGHUsUKerRoaoy,0
hNCDXQGVmNnBZYb,1
tnjkAvhGnWWTQVD,0
ZFXtlYSedoTbyQH,1
YnVtHKWJDGRkDto,1
CsiwRgMzBtWXbZJ,1
TZWdeinSWVMlguR,0
BlRKZpHmnroixgC,0
qhutfbbDPPxpIEj,1
DCtLNhBiTvaRwDg,1
lzQLdutTpHgeCYM,1
wILsLIHRoMwaUdJ,1
tnSGBLQpmhNKoKn,1
iridUdXcTTxdfbu,1
xhcdKDSsnQTkOCd,1
MljBZtiWWqYqakg,0
PpqacHluwfrccHj,0
RyvqBiikMXnQBwX,1
MZaTJBhRhdzvSWk,1
CcDPLoJqjDALiTO,0
kJhQQnbEiAClzvM,0
WjFwonVoNwwzsHq,0
agEQDLsMBeVoJdp,0
PWpGOJIHuhMFJnn,1
dtfqXREEesbjWvt,1
dECUZWXnkBngEAB,1
nIkXSpWIuKLtPlo,1
ThvSpPiNgHVAwjN,1
iLUUtxgxVexXMIX,0
vBdwEywlgwiKrjn,1
gPUxJGeyixWVoWm,1
LMOFgeKzSGjVsCq,0
opDiPnBEAxlYmzR,1
VbTUwXreAuQRrzT,1
eFBMnWARHVvYwaY,1
xLgyJFoFWLMTzsJ,0
BzMZaorecUvgKlI,1
WNWcgQDjOlPOlbv,0
SLyFxOZQUYCWici,1
VmDSDClmmWwDaAq,1
gAjPiwIJWcHYvnm,0
LwbfTwmjHzaiFIm,1
CFvIeCLCwhCwvhW,0
mrXinXYLMxanMlF,0
hgedKKPnEgcoyru,1
NjTcNJUpsJbKnYz,1
WrnFCVXHkDyVfDd,1
pBysrDpFxPgxQFj,1
bMkoQDbggBrQGMj,1
AmEIvXvhuKXnGWA,1
WIultGxCpnUMPcy,0
BYVZfDJbkKHhmla,1
LUjAWiJHGNycVem,0
HEGuCBfsrDqjssX,1
gEWyszNGgmNzUva,0
DoxsMgpbGQzSGcm,0
mmAXEwjukSogoac,0
OFQzRUSMOHuElot,1
zzizmXeiNVTkoVz,0
psBlWDSbyisvtLv,1
EyeSkUZunHAaeWL,1
WlqpDgvnrBZaULa,0
VDimsZFcNMWIBxG,0
oZBkCzenxsRPRfg,1
mYHLXZdroXCAnUs,0
SLufarLMtUcEmEL,0
iqXGdUCLOzUHfEI,1
CZUAgXCkDbSRthG,1
YhdfLevruudTTRJ,1
ZAcLovsCszWcqUy,0
wsGwtQgiGTNldAW,1
bBMQWzsQPWYrMPg,0
IFeuePWATDrWwcy,1
GeTIIdjDKQgYuhP,1
leEMumSCNVogGgM,0
qIZpYvrxKVGfNRQ,1
HFCSEbzaXUBNRbJ,0
hoLuzTYzVeeztkG,1
fyPPkMaLldBvMTY,1
trRMnNZvDnFMpvs,1
QHcsiIdVraczHag,0
PcaXhzlWyjPbrzP,1
RqLOdVmMdKfMBvt,0
armNdzbqmoUMFiL,1
PCxDqbnhXwRvQfE,1
IkKoCQQwTtgitHf,0
AEPaZSgFfneYkLS,1
genXazbHyEpCTmX,1
LbscTANozUVJVJz,0
lFwVPeyCWQccNnl,0
JyWRDDtPsKgRdVy,1
yohOylnpfFKwdTn,0
UcMWQCrVnVgdsOL,1
KHpEHMXsEQsartD,1
rWKFulnVgyfndCI,1
FkeEalyOZslKVBw,0
BaGkEaxFtglUKvf,1
IJZaGpmYEqBfxEA,1
fLBBhPWUdOBNtVh,0
ZIcnihapwUHlIdT,0
iiVtFehFYXYdruM,1
xmcovvTwuchNXGP,1
OxdPONJJimdLrbj,1
PCcJRtwWKubuQzR,1
bdPrSjEBlVmJHMj,0
xCyDcDFnFLpvduf,0
WqTNkWtSNUUcUSZ,0
GfhmecqfprFhZbE,1
UUnshDkamRvwmVU,1
UozoSrdhVMcKkOF,1
PuBGAWkqQmYmqhS,1
fJXYWdTVltuPmEn,0
UgoNzRiAbttJkwt,1
YjmVHUUcZIlPvxB,0
KBzJRYyMxvcWCYL,0
XaOScKtIXJEiGnU,1
jpKPxWXjqqzWULW,1
MJestlflSxrDhwI,0
QRbiHHeCOTJUNZt,1
pcRVxyWFNLgowIu,1
iVYBSgpLIumZNEI,0
ZUfBnHUuTpiqRry,1
ndBxCAOttByHTXd,0
vPOUXxufFYxOsIo,0
mCUwuxLXiIlFVkU,0
gxzaeIwqInVLIZU,1
NLGxQODGLzfnjzK,1
GKwHIlogUzRZBdu,1
dooMlsyvmkGyYdz,1
BTRLznlZobPLbgc,1
eavlYdRtmOuhRBm,0
vVOckqmWFiwSfWB,0
mLfBmJnixqECkJo,0
EbncKtENDdaCtjD,0
cdBECwwywpzwDIi,1
QNOsUjtmNSuXlAQ,1
fJIvscJpHQDvjnt,0
ZzuSqtqAztRggHA,1
BjgfHjXxhdgEkCf,1
SCyYyPeoPPINuSS,0
oVdijgrEkLvdxyQ,1
vJcLPsJQFxSYtef,1
LLbTETMSuIPZEML,0
QyQZhiLPzeCpZLl,0
YzlrWQcmHcLvGok,1
ynkudDJUQvMWOzT,1
UyRsAvoYvcgdcGF,1
cOaPZlBjngHCoDf,1
ndcnQyPoPnsZmdS,1
WsBGNgkWGjnzCMR,1
IGgWmGbclAJRilu,0
OryTsXWSHddwBIQ,1
YNwoeUiCoZDENdj,1
PybUrxeZJRuiYQu,1
wkEgNPqtdQVYaPn,0
prStoxcCqtLWCko,1
LsAhchbNHwUTEHR,1
vAkpgJAJLgmmozp,0
bbEyMrPncxeaYSS,1
PcdfvVUxBKzJyuV,1
DwSkmWvZIryNGAN,1
SvrGJxmQpiKGRfq,0
UMxIetyhQXLlxZG,0
dykXdhxmfnLafGQ,0
rfGHEJXBiAnMlii,1
dIFGITzjzXzgfxo,0
RedbzqgndUZLsss,0
OhXbXmthUNVFIOW,0
PsVcLurbELEyCzv,0
cwvtGrzHtYBDzgp,0
AEJGkTGsvGnwBVQ,1
CtbetQNNyPvkika,0
AbJCeYagetldFLS,1
CLPBlySgUTGcQyZ,1
dIHPKZYgGkTePOp,0
QmNjbVNPbxupRff,0
aIvGIHYNejNUarS,1
NdijQevlBWBIMFa,1
FkrUpwwAADPavFm,1
vYGYnVnSKZYIonU,1
fHFwnZxmJiyRNKs,0
LcdaRwrPyGYwJTJ,0
NiEYhgbzmHRUOwD,0
NOMpJGPDcUWjOkK,0
fqLboPOghcHQUIa,1
HsPaLEhujqQNhOd,1
vrztVtThpdXnclq,0
lxsvObXNIeLzOSZ,1
qzuDvqyrfvIgfZc,0
iUfmPXhbJMUmrwE,1
ouiiCVrtEZuuAFE,0
yXmqsYwdYZhmxdT,1
wYcdPuiEAEuKJnd,1
VXejGNymeSvBBkG,1
SFSQEUejfwvqQag,1
GCIRJxGTmYxHeHP,1
lvFFaEfqPdPCCAg,0
ZELRvrWkDbGuiBi,0
KXBMNdkhOOEUUIv,0
OcDDMEjZkIrUfjY,0
ujzQblyCwPcAHkf,1
tSJrOmSTPADytzC,0
NDsHsdYRMpAargs,1
mgXlLlhNIQkyOsM,0
HxAMmJfVrRFYvdo,0
AYNWCptcTAvAubC,1
ELzjGcxVisoYinO,1
XovJimbOiuUVxdI,1
rNOtjSotntIsBvG,1
vvjewHUhTJLUuno,0
imXCVZPNaIphLdW,0
bfSnuOQiLiSGYMH,0
fbLQGogJRqCYgZe,1
BbADzkTbDKTOlLF,0
DkcyExPiEaWKiLT,1
GmUTMPfeuwhcACb,1
bgrexaMQuBgBwal,0
GJOldoNlraAWuDQ,0
hUOoAQDxqqOPbME,0
yzvtaPJZIfkeMaW,1
euJlxliuHPgGmiS,0
JdMKpddGpaAEPRW,0
ZFrAHUhBAJlDLez,0
AQzzefJGjmEyzzo,0
dRaFSWGyZvCWjLu,0
EPPQujTAGoXMMHx,1
IsEIwzGHwjRQuBw,0
cmCSxweUuRWmRrf,1
qObPQSDEszoUKbU,1
AMieWBtjEbmFLkg,1
UwbUimwmXKnKHKD,0
mayfvmasfRluHDS,1
nejzCFfvyEnTYju,0
dfDYulmoQLXdCbt,0
SAYogamasXRGOqG,0
XpzbrxZGCQCsSQl,1
eGrcvEhdtMtKeyp,1
hqvqETrQIYdcknM,1
BltTLwMKcfJkcVR,1
tJmghpPStPVfxOJ,0
MTFOoyoJsmKPXHI,1
NjxCabWqSzFHIcn,1
wmpxHLeCUYfCGpz,1
JSnpkFBXNxSCtqW,1
iwTFTjwIJzhOuDG,1
MMgNQkHRhGJTTll,0
ZTaGGfOwRemLYjC,1
NgWoPjowPFpIowL,1
FXGHSoSaTBJRUSl,0
JvDANZwmHFjTgSA,1
DSovrrRDVhEiomC,0
DSpiIGAVEnUzhvw,1
FLwvMFWzxUgDoKq,0
PwBsORArgLwAzIo,1
yIpgIPbvCNRNFIE,0
FOIDsiireCAXEgR,0
MeSuNtGNHzWTnZw,1
mZeRvaOfYmoUEjX,1
BgJIoZAuWtwkKOh,1
rwqAoAOHdRrQkGU,0
EaxVgHpAOgufiSy,0
vwNypLMgaIGeGzx,1
WaVnkZYSCbUfggq,1
UHpupubyjlVNrrF,0
gueaoiiptFpfnqq,1
PiqmuLYZaScBHZN,1
bVHmVtHqrRzYvMP,1
McNFhsJPtbqnajF,1
jTOeXKvFfHsctcq,0
dZYkAsYQCOwfeQO,1
MMicjczIRFJOcWX,0
EtxlhZBzGVEooUm,0
cUwcEomusmWokAC,1
mBrVBxWksAQeNpP,1
dWQreFMJiZLEIhX,1
OVFUGjSfYhJyXME,0
qdIZIBmDxOYMJyv,1
msZtPyjJwWmDraR,0
KKAMdvSvWWZqMBZ,1
rvmGpbLflojNoVX,0
pjfTbrctxBUuopX,1
EBtZXxXfycMyfgZ,1
tkVLqsYeoBkHdDP,1
zpyHhRNRsvolDHD,0
VpKZadIvBBVVUqZ,1
hLKBCQaJlFVmTqr,1
arbJUJEHSkSQbTZ,1
iEwyDtLFPEYFeIT,1
cCuawwQCNnmkOCU,0
ajXSDoDtPexCbsF,1
gJuInawkNjjuevU,1
ouJTHUgsAJLMxHW,1
ycBQEyzgVDdDWjv,0
NZGvHasahIBsiKp,1
DFCNKXdwWLUHxop,0
uVWdiLMIoJRWgIk,1
dNUQmyaeOlPVfGx,0
hopglQNzlORhsiE,1
PoYNwOIClUbSzgl,1
FwOlyWfhUFkVrtz,1
DFmrUTVpvDNUuAi,1
SHghWCrQVWjLFmv,1
EtrSMgQTYUUvmbi,1
ClcGLwDLUDLvcdg,1
coPcYaWYiQWiWXz,1
hmYwWVssvOMJvWd,0
PJfbOBcQFNgoyGN,1
bbfNMKpgXuAIoXr,1
pnwdEqHVICAjriP,0
btnLCrLRoRgerDs,0
RZxsAAESJQJTUeQ,1
DHzpbswbqXxKMBa,1
fkARcRQsPwdstmT,1
ogNiTKJEmKJyqcv,1
VNFgChCAEanKnBW,1
toGjHmonoldqasu,1
XmzwMjkJgGoqRIk,0
OwwedPescAHlNSY,1
oMBBDCaHCUJEZwT,0
fZWJuCqaKJRiaQv,1
gwAjofVsNIjqvnx,0
FiSJEZHPgewRYxe,1
prhObJPXwiujEmY,0
NZCkawBsMvphFyg,0
ycUuFXlDNdKWJgn,1
ZQVOWVnrlGIEqmt,1
ojvotGmRFnwleCL,1
OdCZwrRVFqohDcO,1
uHYykktIkmGQLBK,1
bgqQDvrEaZqGLkQ,1
HqxTdpIbowHCnME,1
VDKsTeOLyqeKtGn,0
NoobvAnHLlBBxlQ,1
DYThQsxbcsqbsbD,1
ztorHQKWopYhlbU,1
lEAEUeRIAqvhNzf,1
GdduSlaHjFXhmVz,0
YyGKXKVCiQehMmK,1
bLqHLoFgCgtvSis,0
WLMZTtasiDVTgWi,1
wXelzQTbYShHkkF,1
QPfqMHlCMfcnsgN,1
VCJZjkfZYBmRFZT,0
IlifBVfGGNhEPdM,0
YjtihecPQRIvQtB,0
kdNVpVvenPxNOIn,1
RSWKlAMHRdopgUb,0
LsrljkqqRDWGjyW,1
efAiymKjksLDCYn,0
AYToEyUejmtjOjV,0
PpoXYNpceRIfxbR,1
lGFQPvqCpVrbXyh,0
ScvcrMvWzxYDXKT,0
yoCvGGTqBkvziFK,0
BmSrWvzrriPuQOh,0
HfXCITRCHqrLOda,1
uQLYKtTCnvWWGVu,0
gYWbwjUOZrOlTzQ,1
esJzIdnRkHNVvjq,0
